Keitaro,http://31.41.244.55/admin/,31-01-2023,,,,
Amadey,http://31.41.244.158/Mb1sDv3/Login.php,28-11-2022,,,,
Amadey,http://31.41.244.146/f5OknW/Login.php,27-11-2022,,,,
Amadey,http://31.41.244.17/hfk3vK9/Login.php,26-11-2022,,,,
Amadey,http://31.41.244.200/games/category/Login.php,9/3/2023,,,,
Rhadamanthys,http://31.41.244.38:443/admin/console/,6/1/2023,,,,
Rhadamanthys,http://31.41.244.157:443/admin/console/,6/1/2023,,,,
 Cobalt Strike, 176.113.115.16:443,3/9/2023,,,,
 Cobalt Strike, vsrssup.com,3/9/2023,,,,
 Cobalt Strike, https://vsrssup.com/tab_shop.js,3/9/2023,,,,
 Cobalt Strike, https://176.113.115.44/visit.js,3/6/2023,,,,
 Cobalt Strike, https://176.113.115.44/dpixel,2/15/2023,,,,
 Cobalt Strike, 176.113.115.44:80,2/15/2023,,,,
 Cobalt Strike, http://176.113.115.44/push,2/15/2023,,,,
 Cobalt Strike, https://176.113.115.134:10443/IE9CompatViewList.xml,2/11/2023,,,,
 Cobalt Strike, https://31.41.244.142/cm,12/9/2022,,,,
 Cobalt Strike, http://31.41.244.142/cx,12/9/2022,,,,
 Cobalt Strike, http://176.113.115.3:8080/image/,12/9/2022,,,,
 Cobalt Strike, 31.41.244.142:80,11/13/2022,,,,
 Cobalt Strike, http://31.41.244.142/g.pixel,11/13/2022,,,,
 Cobalt Strike, 31.41.244.142:443,11/12/2022,,,,
 Cobalt Strike, https://31.41.244.142/match,11/12/2022,,,,
Amadey,http://31.41.244.15/Mb1sDv3/Login.php,11/11/2022,,,,
Amadey,http://31.41.244.60/t0nvN3c4/Login.php,11/11/2022,,,,
 Cobalt Strike, https://31.41.244.192/activity,11/10/2022,,,,
 Cobalt Strike, 176.113.115.124:443,11/7/2022,,,,
 Cobalt Strike, https://176.113.115.124/ca,11/7/2022,,,,
 Cobalt Strike, http://176.113.115.3:8080/Immagine/,11/6/2022,,,,
 Cobalt Strike, 176.113.115.3:443,10/6/2022,,,,
 Cobalt Strike, https://176.113.115.3/image/,10/6/2022,,,,
 Cobalt Strike, https://176.113.115.3:8443/image/,8/13/2022,,,,
Amadey,http://31.41.244.237/jg94cVd30f/Login.php,8/12/2022,,,,
Avatar,http://31.41.244.231/AVAVA/,2/6/2022,,,,
Amadey,http://31.41.244.167/v7eWcjs/Login.php,1/12/2022,,,,
,,,,,,
